cod_asig,cod_carr,nivel,cod_plan,nom_asig
201,132,1,2017-1,Química General
202,132,1,2017-1,Química Inorgánica
203,132,1,2017-1,Química Orgánica
204,132,1,2017-1,Termodinámica Química
205,132,1,2017-1,Cinética Química
206,132,2,2017-1,Fisicoquímica
207,132,2,2017-1,Química Analítica
208,132,2,2017-1,Análisis Instrumental
209,132,2,2017-1,Química Cuántica
210,132,2,2017-1,Mecánica Cuántica
211,132,2,2017-1,Matemáticas para la Ingeniería
212,132,3,2017-1,Álgebra Lineal
213,132,3,2017-1,Cálculo Diferencial e Integral
214,132,3,2017-1,Ecuaciones Diferenciales
215,132,3,2017-1,Estadística y Probabilidad
216,132,3,2017-1,Termodinámica de Procesos
217,132,3,2017-1,Fenómenos de Transporte
218,132,4,2017-1,Operaciones Unitarias
219,132,4,2017-1,Balance de Materia y Energía
220,132,4,2017-1,Termodinámica Aplicada
221,132,4,2017-1,Transferencia de Calor
222,132,4,2017-1,Transferencia de Masa
223,132,4,2017-1,Ingeniería de Reactores Químicos
224,132,5,2017-1,Diseño de Reactores
225,132,5,2017-1,Ingeniería de Separaciones
226,132,5,2017-1,Destilación
227,132,5,2017-1,Extracción Líquido-Líquido
228,132,5,2017-1,Adsorción
229,132,5,2017-1,Cromatografía
230,132,6,2017-1,Filtración
231,132,6,2017-1,Secado
232,132,6,2017-1,Cinética de Procesos
233,132,6,2017-1,Ingeniería de Control de Procesos
234,132,6,2017-1,Simulación de Procesos
235,132,6,2017-1,Diseño de Plantas Químicas
236,132,7,2017-1,Ingeniería de Seguridad en Procesos
237,132,7,2017-1,Química Ambiental
238,132,7,2017-1,Tratamiento de Aguas Residuales
239,132,7,2017-1,Gestión de Residuos Químicos
240,132,7,2017-1,Ingeniería de Materiales
241,132,7,2017-1,Polímeros y Plásticos
242,132,8,2017-1,Metalurgia Extractiva
243,132,8,2017-1,Corrosión
244,132,8,2017-1,Análisis de Peligros y Puntos Críticos de Control (HACCP)
245,132,8,2017-1,Ingeniería Farmacéutica
246,132,8,2017-1,Biotecnología
247,132,8,2017-1,Procesos de Producción de Alimentos
248,132,9,2017-1,Ingeniería de Energía
249,132,9,2017-1,Energías Renovables
250,132,9,2017-1,Ingeniería Nuclear
251,132,9,2017-1,Ingeniería de Petróleo y Gas
252,132,9,2017-1,Ingeniería de Procesos en la Industria Química
253,132,10,2017-1,Economía y Gestión de Proyectos
254,132,10,2017-1,Ética Profesional en Ingeniería Química
255,132,10,2017-1,Investigación en Ingeniería Química
256,132,10,2017-1,Práctica Industrial
257,132,10,2017-1,Seminario de Ingeniería Química
258,132,11,2017-1,Proyecto de Tesis o Trabajo de Grado
301,133,1,2014-2,Biología Celular
302,133,1,2014-2,Biología Molecular
303,133,1,2014-2,Anatomía y Fisiología Humana
304,133,1,2014-2,Química General
305,133,1,2014-2,Química Orgánica
306,133,2,2014-2,Matemáticas para la Ingeniería
307,133,2,2014-2,Cálculo Diferencial e Integral
308,133,2,2014-2,Álgebra Lineal
309,133,2,2014-2,Física para la Ingeniería
310,133,2,2014-2,Termodinámica
311,133,2,2014-2,Mecánica de Fluidos
312,133,3,2014-2,Circuitos Eléctricos
313,133,3,2014-2,Electrónica Básica
314,133,3,2014-2,Bioquímica
315,133,3,2014-2,Biomateriales
316,133,3,2014-2,Bioinstrumentación
317,133,3,2014-2,Procesamiento de Señales Biomédicas
318,133,4,2014-2,Imágenes Médicas
319,133,4,2014-2,Microbiología
320,133,4,2014-2,Genética
321,133,4,2014-2,Estadísticas en Biomedicina
322,133,4,2014-2,Análisis de Datos Biomédicos
323,133,4,2014-2,Ética en Ingeniería Biomédica
324,133,5,2014-2,Biomecánica
325,133,5,2014-2,Control de Sistemas Biológicos
326,133,5,2014-2,Electromagnetismo Aplicado a la Medicina
327,133,5,2014-2,Biomédica Óptica
328,133,5,2014-2,Ingeniería Clínica
329,133,5,2014-2,Diseño de Dispositivos Médicos
330,133,6,2014-2,Instrumentación Biomédica Avanzada
331,133,6,2014-2,Modelado de Sistemas Biológicos
332,133,6,2014-2,Ingeniería Tisular
333,133,6,2014-2,Ingeniería Genética
334,133,6,2014-2,Nanotecnología en Biomedicina
335,133,6,2014-2,Robótica Médica
336,133,7,2014-2,Telemedicina
337,133,7,2014-2,Rehabilitación Biomédica
338,133,7,2014-2,Fisiología de Sistemas
339,133,7,2014-2,Ingeniería de Control de Sistemas Médicos
340,133,7,2014-2,Terapia Física y Rehabilitación
341,133,7,2014-2,Diagnóstico por Imagen
342,133,8,2014-2,Ingeniería de Radioterapia
343,133,8,2014-2,Ingeniería Biomédica en Cardiología
344,133,8,2014-2,Ingeniería Biomédica en Neurociencia
345,133,8,2014-2,Ingeniería Biomédica en Ortopedia
346,133,8,2014-2,Ingeniería Biomédica en Dermatología
347,133,8,2014-2,Ingeniería Biomédica en Oftalmología
348,133,9,2014-2,Ingeniería Biomédica en Ginecología y Obstetricia
349,133,9,2014-2,Ingeniería Biomédica en Urología
350,133,9,2014-2,Ingeniería Biomédica en Cirugía
351,133,9,2014-2,Ingeniería Biomédica en Endocrinología
352,133,9,2014-2,Ingeniería Biomédica en Gastroenterología
353,133,10,2014-2,Ingeniería Biomédica en Oncología
354,133,10,2014-2,Ingeniería Biomédica en Medicina Deportiva
355,133,10,2014-2,Economía de la Salud
356,133,10,2014-2,Gestión de Proyectos en Ingeniería Biomédica
357,133,10,2014-2,Investigación en Ingeniería Biomédica
358,133,11,2014-2,Proyecto de Tesis en Ingeniería Biomédica
401,134,1,2010-3,Circuitos Eléctricos
402,134,1,2010-3,Electromagnetismo
403,134,1,2010-3,Electrónica Básica
404,134,1,2010-3,Matemáticas para la Ingeniería
405,134,1,2010-3,Cálculo Diferencial e Integral
406,134,2,2010-3,Álgebra Lineal
407,134,2,2010-3,Física para la Ingeniería
408,134,2,2010-3,Termodinámica
409,134,2,2010-3,Máquinas Eléctricas
410,134,2,2010-3,Sistemas de Energía Eléctrica
411,134,2,2010-3,Generación y Distribución de Energía
412,134,3,2010-3,Control de Sistemas Eléctricos
413,134,3,2010-3,Electrónica de Potencia
414,134,3,2010-3,Microelectrónica
415,134,3,2010-3,Electrónica Digital
416,134,3,2010-3,Comunicaciones Eléctricas
417,134,3,2010-3,Señales y Sistemas
418,134,4,2010-3,Electrónica Analógica
419,134,4,2010-3,Electrónica de Radiofrecuencia (RF)
420,134,4,2010-3,Mecánica Aplicada
421,134,4,2010-3,Termodinámica Aplicada a Sistemas Eléctricos
422,134,4,2010-3,Dispositivos Semiconductores
423,134,4,2010-3,Convertidores de Energía
424,134,5,2010-3,Teoría de Control
425,134,5,2010-3,Sistemas Embebidos
426,134,5,2010-3,Automatización Industrial
427,134,5,2010-3,Diseño de Circuitos Impresos
428,134,5,2010-3,Instrumentación y Medición
429,134,5,2010-3,Microcontroladores
430,134,6,2010-3,Electrónica de Alta Frecuencia
431,134,6,2010-3,Sistemas de Comunicación Inalámbrica
432,134,6,2010-3,Electrónica de Potencia Avanzada
433,134,6,2010-3,Sistemas de Control Industrial
434,134,6,2010-3,Robótica
435,134,6,2010-3,Diseño de Circuitos Integrados
436,134,7,2010-3,Sistemas de Energía Renovable
437,134,7,2010-3,Protección de Sistemas Eléctricos
438,134,7,2010-3,Energía Eléctrica y Medio Ambiente
439,134,7,2010-3,Sistemas de Transmisión de Datos
440,134,7,2010-3,Sistemas de Control Digital
441,134,7,2010-3,Sistemas de Control de Procesos
442,134,8,2010-3,Automatización y Control de Edificios
443,134,8,2010-3,Electrónica Industrial
444,134,8,2010-3,Diseño de Sistemas Electrónicos
445,134,8,2010-3,Electrónica de Potencia Industrial
446,134,8,2010-3,Gestión de Proyectos de Ingeniería Eléctrica
447,134,8,2010-3,Ética en Ingeniería Eléctrica
448,134,9,2010-3,Electromagnetismo Aplicado
449,134,9,2010-3,Análisis de Circuitos de Alta Frecuencia
450,134,9,2010-3,Sistemas de Comunicación por Fibra Óptica
451,134,9,2010-3,Sistemas de Energía Inteligente
452,134,9,2010-3,Sistemas de Energía Nuclear
453,134,10,2010-3,Generación Distribuida
454,134,10,2010-3,Energías Renovables y Sostenibilidad
455,134,10,2010-3,Diseño de Sistemas de Transmisión y Distribución
456,134,10,2010-3,Ingeniería Eléctrica en Telecomunicaciones
457,134,10,2010-3,Redes Eléctricas Inteligentes
458,134,11,2010-3,Proyecto de Tesis en Ingeniería Eléctrica
501,135,1,2015-1,Circuitos Electrónicos Básicos
502,135,1,2015-1,Electromagnetismo
503,135,1,2015-1,Matemáticas para la Ingeniería
504,135,1,2015-1,Cálculo Diferencial e Integral
505,135,1,2015-1,Álgebra Lineal
506,135,2,2015-1,Física para la Ingeniería
507,135,2,2015-1,Electrónica Analógica
508,135,2,2015-1,Electrónica Digital
509,135,2,2015-1,Circuitos Integrados
510,135,2,2015-1,Microelectrónica
511,135,2,2015-1,Señales y Sistemas
512,135,3,2015-1,Comunicaciones Electrónicas
513,135,3,2015-1,Teoría de Control
514,135,3,2015-1,Electrónica de Potencia
515,135,3,2015-1,Instrumentación Electrónica
516,135,3,2015-1,Electrónica Industrial
517,135,3,2015-1,Procesamiento de Señales
518,135,4,2015-1,Diseño de Circuitos Electrónicos
519,135,4,2015-1,Circuitos de Radiofrecuencia
520,135,4,2015-1,Electrónica Digital Avanzada
521,135,4,2015-1,Dispositivos Semiconductores
522,135,4,2015-1,Electrónica de Potencia Avanzada
523,135,4,2015-1,Microcontroladores
524,135,5,2015-1,Sistemas Embebidos
525,135,5,2015-1,Diseño de Circuitos Integrados
526,135,5,2015-1,Sistemas de Comunicación Inalámbrica
527,135,5,2015-1,Electrónica de Alta Frecuencia
528,135,5,2015-1,Comunicaciones por Fibra Óptica
529,135,5,2015-1,Robótica Electrónica
530,135,6,2015-1,Automatización y Control Industrial
531,135,6,2015-1,Sistemas de Control Digital
532,135,6,2015-1,Sistemas de Control de Procesos
533,135,6,2015-1,Sistemas de Control de Movimiento
534,135,6,2015-1,Electrónica de Audio
535,135,6,2015-1,Electrónica Médica
536,135,7,2015-1,Electrónica de Consumo
537,135,7,2015-1,Electrónica de Entretenimiento
538,135,7,2015-1,Electrónica de Aviónica
539,135,7,2015-1,Electrónica de Comunicación Satelital
540,135,7,2015-1,Electrónica para Vehículos Autónomos
541,135,7,2015-1,Electrónica de Redes de Sensores
542,135,8,2015-1,Diseño de Sistemas Electrónicos
543,135,8,2015-1,Electrónica Industrial Avanzada
544,135,8,2015-1,Sistemas de Energía Electrónica
545,135,8,2015-1,Nanoelectrónica
546,135,8,2015-1,Ética en Ingeniería Electrónica
547,135,8,2015-1,Gestión de Proyectos de Ingeniería Electrónica
548,135,9,2015-1,Pruebas y Diagnóstico de Circuitos Electrónicos
549,135,9,2015-1,Electromagnetismo Aplicado
550,135,9,2015-1,Control de Calidad en Electrónica
551,135,9,2015-1,Electrónica de Potencia Industrial
552,135,9,2015-1,Dispositivos Optoelectrónicos
553,135,10,2015-1,Electrónica Cuántica
554,135,10,2015-1,Diseño de Sistemas de Comunicación
555,135,10,2015-1,Electrónica de Baja Potencia
556,135,10,2015-1,Electrónica Flexible y Impresa
557,135,10,2015-1,Electrónica Sostenible y Ecoeficiente
558,135,11,2015-1,Proyecto de Tesis en Ingeniería Electrónica
601,136,1,2018-2,Introducción a la Ingeniería Industrial
602,136,1,2018-2,Estadísticas y Probabilidad
603,136,1,2018-2,Cálculo Diferencial e Integral
604,136,1,2018-2,Álgebra Lineal
605,136,1,2018-2,Física para Ingenieros
606,136,2,2018-2,Química General
607,136,2,2018-2,Termodinámica
608,136,2,2018-2,Economía para Ingeniería
609,136,2,2018-2,Métodos Cuantitativos para la Toma de Decisiones
610,136,2,2018-2,Investigación de Operaciones
611,136,2,2018-2,Sistemas de Producción
612,136,3,2018-2,Diseño y Mejora de Procesos
613,136,3,2018-2,Control de Calidad
614,136,3,2018-2,Gestión de la Calidad Total
615,136,3,2018-2,Ingeniería de Métodos
616,136,3,2018-2,Ergonomía y Diseño de Estaciones de Trabajo
617,136,3,2018-2,Gestión de la Cadena de Suministro
618,136,4,2018-2,Logística y Distribución
619,136,4,2018-2,Simulación de Procesos
620,136,4,2018-2,Planificación y Programación de la Producción
621,136,4,2018-2,Análisis de Riesgos
622,136,4,2018-2,Estudio de Tiempos y Movimientos
623,136,4,2018-2,Lean Manufacturing
624,136,5,2018-2,Six Sigma
625,136,5,2018-2,Mantenimiento Industrial
626,136,5,2018-2,Gestión de Proyectos
627,136,5,2018-2,Gestión de Inventarios
628,136,5,2018-2,Análisis Financiero
629,136,5,2018-2,Ingeniería de Costos
630,136,6,2018-2,Diseño de Experimentos
631,136,6,2018-2,Modelado y Simulación de Sistemas
632,136,6,2018-2,Ingeniería de Calidad
633,136,6,2018-2,Ingeniería de Fiabilidad
634,136,6,2018-2,Automatización Industrial
635,136,6,2018-2,Control Automático
636,136,7,2018-2,Gestión de la Innovación
637,136,7,2018-2,Gestión de la Tecnología
638,136,7,2018-2,Ingeniería Ambiental
639,136,7,2018-2,Ingeniería de Seguridad Industrial
640,136,7,2018-2,Gestión de Recursos Humanos
641,136,7,2018-2,Ética y Responsabilidad Social en Ingeniería Industrial
642,136,8,2018-2,Legislación Laboral y Ambiental
643,136,8,2018-2,Ingeniería Económica
644,136,8,2018-2,Gestión de Procesos de Negocios (BPM)
645,136,8,2018-2,Optimización de la Cadena de Suministro
646,136,8,2018-2,Análisis de Decisiones
647,136,8,2018-2,Sistemas de Información Empresarial
648,136,9,2018-2,Diseño de Almacenes y Centros de Distribución
649,136,9,2018-2,Procesamiento de Datos en Tiempo Real
650,136,9,2018-2,Gestión de la Innovación Tecnológica
651,136,9,2018-2,Gestión de la Calidad en Servicios
652,136,9,2018-2,Ingeniería Industrial en el Sector de la Salud
653,136,10,2018-2,Ingeniería Industrial en el Sector de la Energía
654,136,10,2018-2,Ingeniería Industrial en el Sector de la Manufactura
655,136,10,2018-2,Ingeniería Industrial en el Sector de Servicios
656,136,10,2018-2,Ingeniería Industrial en el Sector de la Logística
657,136,10,2018-2,Gestión de la Producción
658,136,11,2018-2,Proyecto de Tesis en Ingeniería Industrial
701,137,1,2013-4,Introducción a la Programación
702,137,1,2013-4,Estructuras de Datos
703,137,1,2013-4,Algoritmos y Complejidad
704,137,1,2013-4,Matemáticas Discretas
705,137,1,2013-4,Fundamentos de Ingeniería de Software
706,137,2,2013-4,Programación Orientada a Objetos
707,137,2,2013-4,Diseño de Software
708,137,2,2013-4,Ingeniería de Requisitos
709,137,2,2013-4,Gestión de Proyectos de Software
710,137,2,2013-4,Calidad de Software
711,137,2,2013-4,Pruebas de Software
712,137,3,2013-4,Arquitectura de Software
713,137,3,2013-4,Desarrollo Ágil de Software
714,137,3,2013-4,Desarrollo de Aplicaciones Web
715,137,3,2013-4,Desarrollo de Aplicaciones Móviles
716,137,3,2013-4,Diseño de Interfaces de Usuario
717,137,3,2013-4,Ingeniería de Software Empresarial
718,137,4,2013-4,Sistemas Distribuidos
719,137,4,2013-4,Computación en la Nube
720,137,4,2013-4,Big Data
721,137,4,2013-4,Minería de Datos
722,137,4,2013-4,Inteligencia Artificial
723,137,4,2013-4,Aprendizaje Automático
724,137,5,2013-4,Procesamiento de Lenguaje Natural
725,137,5,2013-4,Robótica de Software
726,137,5,2013-4,Desarrollo de Videojuegos
727,137,5,2013-4,Seguridad de Software
728,137,5,2013-4,Criptografía
729,137,5,2013-4,Ética en la Ingeniería de Software
730,137,6,2013-4,Ingeniería de Software Orientada a Servicios (SOA)
731,137,6,2013-4,DevOps y Continuous Integration/Continuous Deployment (CI/CD)
732,137,6,2013-4,Gestión de Configuración de Software
733,137,6,2013-4,Modelado y Simulación
734,137,6,2013-4,Análisis de Rendimiento de Software
735,137,6,2013-4,Desarrollo de Software para Dispositivos Embebidos
736,137,7,2013-4,Sistemas de Tiempo Real
737,137,7,2013-4,Ingeniería de Software Basada en Componentes
738,137,7,2013-4,Metodologías de Desarrollo de Software
739,137,7,2013-4,Ingeniería de Software Experimental
740,137,7,2013-4,Automatización de Pruebas
741,137,7,2013-4,Ingeniería de Software para Sistemas Críticos
742,137,8,2013-4,Desarrollo de Software Multiplataforma
743,137,8,2013-4,Control de Versiones y Git
744,137,8,2013-4,Administración de Proyectos de TI
745,137,8,2013-4,Técnicas de Documentación de Software
746,137,8,2013-4,Ingeniería de Software para Aplicaciones Empresariales
747,137,8,2013-4,Análisis y Diseño de Bases de Datos
748,137,9,2013-4,Desarrollo de Aplicaciones de Realidad Virtual y Aumentada
749,137,9,2013-4,Desarrollo de Aplicaciones de Internet de las Cosas (IoT)
750,137,9,2013-4,Diseño de Sistemas de Información
751,137,9,2013-4,Interacción Humano-Computadora
752,137,9,2013-4,Desarrollo de Aplicaciones Basadas en Blockchain
753,137,10,2013-4,Prácticas de Desarrollo Seguro (DevSecOps)
754,137,10,2013-4,Gobernanza de TI
755,137,10,2013-4,Ética y Responsabilidad Profesional en Ingeniería de Software
756,137,10,2013-4,Desarrollo de Software para Dispositivos Móviles Avanzados (Wearable Tech)
757,137,10,2013-4,Proyecto de Ingeniería de Software
758,137,11,2013-4,Trabajo de Titulacion
801,138,1,2015-6,Introducción a la Ingeniería Mecánica
802,138,1,2015-6,Matemáticas para la Ingeniería
803,138,1,2015-6,Cálculo Diferencial e Integral
804,138,1,2015-6,Álgebra Lineal
805,138,1,2015-6,Física para Ingenieros
806,138,2,2015-6,Mecánica Clásica
807,138,2,2015-6,Termodinámica
808,138,2,2015-6,Mecánica de Fluidos
809,138,2,2015-6,Transferencia de Calor
810,138,2,2015-6,Mecánica de Materiales
811,138,2,2015-6,Análisis de Vibraciones
812,138,3,2015-6,Elementos de Máquinas
813,138,3,2015-6,Ingeniería de Control
814,138,3,2015-6,Diseño de Máquinas
815,138,3,2015-6,Dinámica de Sistemas Mecánicos
816,138,3,2015-6,Diseño Mecánico Asistido por Computadora (CAD)
817,138,3,2015-6,Fabricación y Procesos de Producción
818,138,4,2015-6,Soldadura y Uniones Mecánicas
819,138,4,2015-6,Ingeniería de Mantenimiento
820,138,4,2015-6,Metrología y Control de Calidad
821,138,4,2015-6,Tribología
822,138,4,2015-6,Ingeniería de Plantas
823,138,4,2015-6,Máquinas Térmicas
824,138,5,2015-6,Ingeniería de Energía
825,138,5,2015-6,Elementos Finitos
826,138,5,2015-6,Ingeniería de Refrigeración y Aire Acondicionado
827,138,5,2015-6,Diseño Asistido por Computadora (CAE)
828,138,5,2015-6,Automatización Industrial
829,138,5,2015-6,Robótica Industrial
830,138,6,2015-6,Ingeniería de Control de Procesos
831,138,6,2015-6,Máquinas Herramienta
832,138,6,2015-6,Sistemas de Transmisión Mecánica
833,138,6,2015-6,Mecatrónica
834,138,6,2015-6,Ingeniería de Proyectos
835,138,6,2015-6,Toma de Decisiones en Ingeniería Mecánica
836,138,7,2015-6,Ingeniería Ambiental y Sostenibilidad
837,138,7,2015-6,Ingeniería de Sistemas Térmicos
838,138,7,2015-6,Ingeniería de Sistemas de Fluidos
839,138,7,2015-6,Ingeniería de Sistemas Estructurales
840,138,7,2015-6,Ingeniería de Sistemas Mecánicos y Electromecánicos
841,138,7,2015-6,Diseño de Experimentos en Ingeniería Mecánica
842,138,8,2015-6,Ingeniería de Soldadura
843,138,8,2015-6,Diseño de Elementos de Máquinas Avanzado
844,138,8,2015-6,Ingeniería de Procesos de Fabricación
845,138,8,2015-6,Análisis de Fallas y Fractura
846,138,8,2015-6,Ingeniería de Control de Calidad
847,138,8,2015-6,Gestión de Proyectos de Ingeniería Mecánica
848,138,9,2015-6,Ética en Ingeniería Mecánica
849,138,9,2015-6,Ingeniería de Sistemas de Automoción
850,138,9,2015-6,Ingeniería de Sistemas Aeroespaciales
851,138,9,2015-6,Ingeniería de Sistemas Marítimos
852,138,9,2015-6,Ingeniería de Sistemas Ferroviarios
853,138,10,2015-6,Ingeniería de Sistemas de Energía Renovable
854,138,10,2015-6,Ingeniería de Sistemas de Transporte Público
855,138,10,2015-6,Ingeniería de Sistemas de Manufactura
856,138,10,2015-6,Ingeniería de Sistemas de Biomecánica
857,138,10,2015-6,Ingeniería de Sistemas de Energía Nuclear
858,138,11,2015-6,Proyecto de Tesis en Ingeniería Mecánica
901,139,1,2019-3,Introducción a la Ingeniería Metalúrgica
902,139,1,2019-3,Química General
903,139,1,2019-3,Termodinámica Química
904,139,1,2019-3,Cinética Química
905,139,1,2019-3,Matemáticas para la Ingeniería
906,139,2,2019-3,Cálculo Diferencial e Integral
907,139,2,2019-3,Álgebra Lineal
908,139,2,2019-3,Física para la Ingeniería
909,139,2,2019-3,Mecánica de Fluidos
910,139,2,2019-3,Resistencia de Materiales
911,139,2,2019-3,Mecánica de Materiales
912,139,3,2019-3,Procesos de Transformación de Metales
913,139,3,2019-3,Fundamentos de Metalurgia
914,139,3,2019-3,Metalurgia Extractiva
915,139,3,2019-3,Metalurgia Física
916,139,3,2019-3,Metalurgia Química
917,139,3,2019-3,Fundición
918,139,4,2019-3,Refinación de Metales
919,139,4,2019-3,Tratamientos Térmicos
920,139,4,2019-3,Conformado de Materiales Metálicos
921,139,4,2019-3,Soldadura y Unión de Metales
922,139,4,2019-3,Ensayos No Destructivos
923,139,4,2019-3,Metalografía
924,139,5,2019-3,Procesamiento de Minerales
925,139,5,2019-3,Hidrometalurgia
926,139,5,2019-3,Pirometalurgia
927,139,5,2019-3,Electroquímica y Electrometalurgia
928,139,5,2019-3,Metalurgia de Polvos
929,139,5,2019-3,Materiales Compuestos
930,139,6,2019-3,Materiales para Alta Temperatura
931,139,6,2019-3,Materiales Magnéticos
932,139,6,2019-3,Materiales Cerámicos
933,139,6,2019-3,Materiales Poliméricos
934,139,6,2019-3,Tecnología de Materiales Avanzados
935,139,6,2019-3,Diseño de Experimentos en Metalurgia
936,139,7,2019-3,Procesos de Reciclaje de Metales
937,139,7,2019-3,Modelado y Simulación en Metalurgia
938,139,7,2019-3,Automatización en Procesos Metalúrgicos
939,139,7,2019-3,Control de Procesos en Metalurgia
940,139,7,2019-3,Gestión Ambiental en Metalurgia
941,139,7,2019-3,Gestión de la Calidad en la Industria Metalúrgica
942,139,8,2019-3,Normativas y Regulaciones en Metalurgia
943,139,8,2019-3,Ética en Ingeniería Metalúrgica
944,139,8,2019-3,Economía y Gestión de Proyectos en Metalurgia
945,139,8,2019-3,Investigación en Ingeniería Metalúrgica
946,139,8,2019-3,Pruebas de Caracterización de Materiales
947,139,8,2019-3,Ingeniería de Soldadura Avanzada
948,139,9,2019-3,Metalurgia en la Industria Automotriz
949,139,9,2019-3,Metalurgia en la Industria Aeroespacial
950,139,9,2019-3,Metalurgia en la Industria Energética
951,139,9,2019-3,Metalurgia en la Industria de la Construcción
952,139,9,2019-3,Metalurgia en la Industria Química
953,139,10,2019-3,Metalurgia en la Industria Electrónica
954,139,10,2019-3,Metalurgia en la Industria Médica
955,139,10,2019-3,Metalurgia en la Industria de la Alimentación
956,139,10,2019-3,Metalurgia en la Industria del Petróleo y Gas
957,139,10,2019-3,Metalurgia en la Industria Minera
958,139,11,2019-3,Proyecto de Tesis en Ingeniería Metalúrgica
1001,140,1,2011-5,Introducción a la Ingeniería de Minas
1002,140,1,2011-5,Geología General
1003,140,1,2011-5,Geología Aplicada a la Minería
1004,140,1,2011-5,Topografía y Cartografía
1005,140,1,2011-5,Matemáticas para Ingeniería
1006,140,2,2011-5,Cálculo Diferencial e Integral
1007,140,2,2011-5,Álgebra Lineal
1008,140,2,2011-5,Física para Ingenieros
1009,140,2,2011-5,Química General
1010,140,2,2011-5,Termodinámica
1011,140,2,2011-5,Mecánica de Rocas
1012,140,3,2011-5,Geomecánica de Minas
1013,140,3,2011-5,Geofísica Aplicada
1014,140,3,2011-5,Mineralogía
1015,140,3,2011-5,Petrología
1016,140,3,2011-5,Procesos Geológicos
1017,140,3,2011-5,Procesos de Exploración Minera
1018,140,4,2011-5,Perforación y Voladura
1019,140,4,2011-5,Muestreo y Preparación de Muestras
1020,140,4,2011-5,Métodos de Explotación de Minas
1021,140,4,2011-5,Planificación Minera
1022,140,4,2011-5,Ventilación y Control de Ambientes Subterráneos
1023,140,4,2011-5,Hidrogeología
1024,140,5,2011-5,Gestión de Aguas en Minería
1025,140,5,2011-5,Gestión de Residuos Mineros
1026,140,5,2011-5,Ingeniería de Sistemas de Transporte de Minerales
1027,140,5,2011-5,Procesamiento de Minerales
1028,140,5,2011-5,Concentración de Minerales
1029,140,5,2011-5,Metalurgia Extractiva
1030,140,6,2011-5,Control de Calidad en Minería
1031,140,6,2011-5,Evaluación de Recursos y Reservas Minerales
1032,140,6,2011-5,Sistemas de Información Geográfica (SIG) en Minería
1033,140,6,2011-5,Toma de Decisiones en Minería
1034,140,6,2011-5,Seguridad en Minería
1035,140,6,2011-5,Normativas y Regulaciones Mineras
1036,140,7,2011-5,Ingeniería de Planificación Minera
1037,140,7,2011-5,Geotecnia en Minería
1038,140,7,2011-5,Instrumentación y Automatización en Minería
1039,140,7,2011-5,Sistemas de Transporte Vertical en Minas
1040,140,7,2011-5,Ingeniería de Socavones y Túneles
1041,140,7,2011-5,Planificación y Diseño de Minas a Cielo Abierto
1042,140,8,2011-5,Minería Subterránea
1043,140,8,2011-5,Simulación de Procesos Mineros
1044,140,8,2011-5,Evaluación Económica de Proyectos Mineros
1045,140,8,2011-5,Geología de Yacimientos Minerales
1046,140,8,2011-5,Planificación de Cierre de Minas
1047,140,8,2011-5,Ética en Ingeniería de Minas
1048,140,9,2011-5,Gestión de Proyectos Mineros
1049,140,9,2011-5,Investigación en Ingeniería de Minas
1050,140,9,2011-5,Gestión Ambiental en Minería
1051,140,9,2011-5,Mecánica de Suelos y Rocas en Minería
1052,140,9,2011-5,Minería Sostenible y Responsable
1053,140,10,2011-5,Minería en la Industria Energética
1054,140,10,2011-5,Minería en la Industria de la Construcción
1055,140,10,2011-5,Minería en la Industria Química
1056,140,10,2011-5,Minería en la Industria Metalúrgica
1057,140,10,2011-5,Minería en la Industria de la Energía Renovable
1058,140,11,2011-5,Proyecto de Tesis en Ingeniería de Minas
1101,141,1,2014-2,Introducción a la Ingeniería Forestal
1102,141,1,2014-2,Biología Forestal
1103,141,1,2014-2,Botánica Forestal
1104,141,1,2014-2,Ecología Forestal
1105,141,1,2014-2,Silvicultura General
1106,141,2,2014-2,Silvicultura de Especies Nativas
1107,141,2,2014-2,Silvicultura de Especies Exóticas
1108,141,2,2014-2,Dendrología
1109,141,2,2014-2,Topografía y Cartografía Forestal
1110,141,2,2014-2,Manejo de Bosques Naturales
1111,141,2,2014-2,Planificación Forestal
1112,141,3,2014-2,Genética Forestal
1113,141,3,2014-2,Suelos Forestales
1114,141,3,2014-2,Hidrología Forestal
1115,141,3,2014-2,Manejo de Vida Silvestre
1116,141,3,2014-2,Agroforestería
1117,141,3,2014-2,Tecnología de la Madera
1118,141,4,2014-2,Industria Forestal
1119,141,4,2014-2,Economía Forestal
1120,141,4,2014-2,Manejo de Incendios Forestales
1121,141,4,2014-2,Restauración Ecológica de Bosques
1122,141,4,2014-2,Conservación de Bosques y Biodiversidad
1123,141,4,2014-2,Sistemas de Información Geográfica (SIG) en Ingeniería Forestal
1124,141,5,2014-2,Tala Racional y Legal de Bosques
1125,141,5,2014-2,Evaluación de Impacto Ambiental en Ingeniería Forestal
1126,141,5,2014-2,Ordenación de Montes
1127,141,5,2014-2,Manejo de Cuencas Hidrográficas
1128,141,5,2014-2,Manejo de Áreas Protegidas
1129,141,5,2014-2,Planificación y Diseño de Plantaciones Forestales
1130,141,6,2014-2,Técnicas de Reforestación
1131,141,6,2014-2,Silvicultura Urbana
1132,141,6,2014-2,Manejo de Bosques Comunitarios
1133,141,6,2014-2,Manejo de Bosques Tropicales
1134,141,6,2014-2,Manejo de Bosques de Montaña
1135,141,6,2014-2,Manejo de Bosques Costeros
1136,141,7,2014-2,Manejo de Bosques de Tierras Bajas
1137,141,7,2014-2,Planificación y Evaluación de Proyectos Forestales
1138,141,7,2014-2,Legislación Forestal y Ambiental
1139,141,7,2014-2,Ética en Ingeniería Forestal
1140,141,7,2014-2,Economía y Gestión de Proyectos en Ingeniería Forestal
1141,141,7,2014-2,Manejo de Maderas Tropicales
1142,141,8,2014-2,Manejo de Maderas Blandas
1143,141,8,2014-2,Manejo de Maderas Duras
1144,141,8,2014-2,Técnicas de Aserrío
1145,141,8,2014-2,Transformación de la Madera
1146,141,8,2014-2,Comercialización de Productos Forestales
1147,141,8,2014-2,Gestión de Viveros Forestales
1148,141,9,2014-2,Manejo Integrado de Plagas y Enfermedades Forestales
1149,141,9,2014-2,Producción de Semillas y Plantas Forestales
1150,141,9,2014-2,Manejo de Fauna Silvestre en Bosques
1151,141,9,2014-2,Investigación en Ingeniería Forestal
1152,141,9,2014-2,Educación Ambiental y Comunitaria en Bosques
1153,141,10,2014-2,Manejo de Bosques en Zonas Áridas
1154,141,10,2014-2,Manejo de Bosques en Zonas Subárticas
1155,141,10,2014-2,Manejo de Bosques en Zonas Subantárticas
1156,141,10,2014-2,Manejo de Bosques en Zonas Templadas
1157,141,10,2014-2,Manejo de Bosques en Zonas Tropicales Húmedas
1158,141,11,2014-2,Proyecto de Tesis en Ingeniería Forestal
1201,142,1,2017-3,Introducción a la Ingeniería Civil
1202,142,1,2017-3,Matemáticas para la Ingeniería
1203,142,1,2017-3,Cálculo Diferencial e Integral
1204,142,1,2017-3,Álgebra Lineal
1205,142,1,2017-3,Física para Ingenieros
1206,142,2,2017-3,Química General
1207,142,2,2017-3,Mecánica Clásica
1208,142,2,2017-3,Mecánica de Fluidos
1209,142,2,2017-3,Resistencia de Materiales
1210,142,2,2017-3,Geología Aplicada a la Ingeniería
1211,142,2,2017-3,Topografía y Cartografía
1212,142,3,2017-3,Mecánica de Suelos
1213,142,3,2017-3,Fundamentos de Estructuras
1214,142,3,2017-3,Diseño de Estructuras
1215,142,3,2017-3,Ingeniería de Tráfico
1216,142,3,2017-3,Ingeniería Hidráulica
1217,142,3,2017-3,Ingeniería de Transporte
1218,142,4,2017-3,Sistemas de Transporte Urbano
1219,142,4,2017-3,Planificación Urbana
1220,142,4,2017-3,Construcción de Obras Civiles
1221,142,4,2017-3,Economía de la Construcción
1222,142,4,2017-3,Gestión de Proyectos de Ingeniería Civil
1223,142,4,2017-3,Ética en Ingeniería Civil
1224,142,5,2017-3,Normativas y Regulaciones en Ingeniería Civil
1225,142,5,2017-3,Tecnología del Hormigón
1226,142,5,2017-3,Ingeniería de Pavimentos
1227,142,5,2017-3,Ingeniería Geotécnica
1228,142,5,2017-3,Ingeniería de Puentes
1229,142,5,2017-3,Ingeniería de Túneles
1230,142,6,2017-3,Ingeniería Sísmica
1231,142,6,2017-3,Hidrología e Hidráulica
1232,142,6,2017-3,Diseño de Obras Hidráulicas
1233,142,6,2017-3,Ingeniería de Ríos y Cuencas
1234,142,6,2017-3,Ingeniería de Costas
1235,142,6,2017-3,Geotecnia Avanzada
1236,142,7,2017-3,Estructuras de Acero
1237,142,7,2017-3,Estructuras de Concreto
1238,142,7,2017-3,Estructuras de Madera
1239,142,7,2017-3,Estructuras Metálicas
1240,142,7,2017-3,Estructuras Prefabricadas
1241,142,7,2017-3,Sistemas de Información Geográfica (SIG) en Ingeniería Civil
1242,142,8,2017-3,Modelado y Simulación en Ingeniería Civil
1243,142,8,2017-3,Mecánica de Suelos Avanzada
1244,142,8,2017-3,Pavimentos de Carreteras
1245,142,8,2017-3,Ingeniería de Tráfico Avanzada
1246,142,8,2017-3,Ingeniería de Ferrocarriles
1247,142,8,2017-3,Ingeniería de Aeropuertos
1248,142,9,2017-3,Ingeniería Portuaria
1249,142,9,2017-3,Gestión de Recursos Hídricos
1250,142,9,2017-3,Ingeniería de Construcción Sostenible
1251,142,9,2017-3,Ingeniería de Estructuras de Concreto Armado
1252,142,9,2017-3,Ingeniería de Estructuras de Acero Avanzada
1253,142,10,2017-3,Ingeniería de Túneles y Excavaciones Subterráneas
1254,142,10,2017-3,Proyecto de Tesis en Ingeniería Civil
1255,142,10,2017-3,Ingeniería de Transporte de Carga
1256,142,10,2017-3,Ingeniería de Transporte Público
1257,142,10,2017-3,Ingeniería de Redes de Agua y Alcantarillado
1258,142,11,2017-3,Proyecto de Tesis en Ingeniería Obras Civiles
